Model,Appropriate,Inappropriate,TP,FP,TN,FN,Recall,Precision,F1,Accuracy
gpt-4-0125-preview,26,4,6,0,20,4,0.6,1,0.75,0.8666666667
gpt-4-1106-preview,25,5,5,0,20,5,0.5,1,0.6666666667,0.8333333333
gpt-4 ,24,6,4,0,20,6,0.4,1,0.5714285714,0.8
gpt-3.5-turbo-0125,27,3,7,0,20,3,0.7,1,0.8235294118,0.9
claude-3-opus-20240229,22,8,2,0,20,8,0.2,1,0.3333333333,0.7333333333