Model,speed,accuracy,cost,length,appropriateness
claude-3-opus-20240229,5.328,80.0,0.0026824999999999536,176.23,0.96
gpt-3.5-turbo-0125,1.182,77.0,3.6099999999999997e-05,137.23,0.90
gpt-4,2.114,80.0,0.001754,173.6,0.83
gpt-4-1106-preview,2.692,77.0,0.0007959999999999999,151.0,0.83
