Model,speed,accuracy,cost,length,appropriateness
claude-3-5-sonnet-20240620,1.758,53.0,0.00046350000000000004,153.23,
claude-3-opus-20240229,3.496,56.99999999999999,0.0029724999999999496,198.73,
gpt-3.5-turbo-0125,1.143,47.0,3.56e-05,137.63,
gpt-4,2.387,56.99999999999999,0.00186,181.97,
gpt-4-1106-preview,2.692,77.0,0.0007959999999999999,151.0,
gpt-4o,0.891,56.99999999999999,0.0003415,123.53,
