Model,speed,accuracy,cost,length,appropriateness
gpt-4-0125-preview,2.0749,80,0.000778,146.53,86.67
gpt-4-1106-preview,2.5369,80,0.000787,150.43,83.33
gpt-4 ,2.2887,83.33,0.001948,189.03,80
gpt-3.5-turbo-0125,1.354,83.33,3.90E-05,138.93,90
claude-3-opus-20240229,6.34,76.67,0.002738,178.57,73.33