Model,speed,accuracy,cost,length,appropriateness
"gpt-4-0125-preview""",2.4432,86.66,0.000737,138.667,90
gpt-4 ,1.8142,80,0.001768,172.233,83.33
gpt-3.5-turbo-0125,1.2899,83.33,3.60E-05,141,90