Model,speed,accuracy,cost,length,appropriateness
claude-3-opus-20240229,4.628,82.0,0.0023906249999999475,154.57,
gpt-3.5-turbo-0125,1.287,82.0,3.5025e-05,136.32,
gpt-4,3.126,78.0,0.0016665,161.93,
gpt-4-0125-preview,1.937,85.0,0.00071025,135.9,
