Model,speed,accuracy,cost,length,appropriateness
claude-3-5-sonnet-20240620,1.591,87.0,0.000462,152.53,0.93
claude-3-opus-20240229,3.327,73.0,0.00266749999999995,171.87,0.96
gpt-3.5-turbo-0125,1.125,77.0,3.62e-05,138.77,0.90
gpt-4,2.188,90.0,0.0017980000000000001,171.47,0.83
gpt-4-1106-preview,2.692,77.0,0.0007959999999999999,151.0,0.83
gpt-4o,1.102,83.0,0.000341,125.97,0.90
