Model,Appropriate,Inappropriate,TP,FP,TN,FN,Recall,Precision,F1,Accuracy,Accuracy,Accuracy
gpt-4-1106-preview,25,5,5,0,20,5,0.5,1,0.6666666667,0.83,0.83,0.83
gpt-4 ,25,5,5,0,20,5,0.5,1,0.6666666667,0.83,0.83,0.83
gpt-3.5-turbo-0125,23,7,7,0,20,3,0.7,1,0.8235294118,0.90,0.90,0.90
claude-3-opus-20240229,21,9,9,0,20,1,0.9,1,0.943684212, 0.96, 0.96, 0.96