Model,Speed,Accuracy,Cost,Length,Appropriateness,Cost / 1k
claude-3-opus-20240229,5.328,80.0,0.0026825,176.23,0.96,2.6825
gpt-3.5-turbo-0125,1.182,77.0,0.0000361,137.23,0.90,0.0361
gpt-4,2.114,80.0,0.001754,173.6,0.83,1.754
gpt-4-1106-preview,2.692,77.0,0.000796,151.0,0.83,0.796
